<component name="ProjectRunConfigurationManager">
  <configuration default="false" name="TestExecutor" type="JUnit" factoryName="JUnit" nameIsGenerated="true">
    <module name="apitestframework.test" />
    <extension name="coverage">
      <pattern>
        <option name="PATTERN" value="com.mdscem.apitestframework.*" />
        <option name="ENABLED" value="true" />
      </pattern>
    </extension>
    <option name="PACKAGE_NAME" value="com.mdscem.apitestframework" />
    <option name="MAIN_CLASS_NAME" value="com.mdscem.apitestframework.TestExecutor" />
    <option name="METHOD_NAME" value="" />
    <option name="TEST_OBJECT" value="class" />
    <method v="2">
      <option name="Make" enabled="true" />
    </method>
  </configuration>
</component>